Date,Symbols,Close,High,Low,Open,Volume
2020-12-03,AMZN,3186.73,3228.64,3181.31,3205.46,2892039
2020-12-03,GOOGL,1821.84,1843.83,1817.0,1820.54,1236366
2020-12-03,FB,281.85,286.65,281.07,286.25,12921694
2020-12-02,AMZN,3203.53,3232.0,3173.2601,3221.65,3129304
2020-12-02,GOOGL,1824.97,1832.74,1785.1695,1795.36,1471235
2020-12-02,FB,287.52,291.78,280.825,285.36,17361624
2020-12-01,AMZN,3220.08,3248.95,3157.18,3188.5,4544382
2020-12-01,GOOGL,1795.36,1821.7199,1763.03,1766.655,1868134
2020-12-01,FB,286.55,289.3,278.96,279.16,20777906
2020-11-30,AMZN,3168.04,3228.39,3125.55,3208.48,4063916
2020-11-30,GOOGL,1754.4,1780.335,1747.84,1775.65,1620887
2020-11-30,FB,276.97,277.7,271.01,276.03,16693336
2020-11-27,AMZN,3195.34,3216.19,3190.05,3211.26,2392867
2020-11-27,GOOGL,1787.02,1797.01,1764.54,1764.54,739507
2020-11-27,FB,277.81,279.13,274.82,277.39,7808426
2020-11-25,AMZN,3185.07,3198.0,3140.26,3141.87,3790403
2020-11-25,GOOGL,1764.13,1770.38,1748.36,1767.81,979957
2020-11-25,FB,275.59,280.18,272.65,278.14,12467009
2020-11-24,AMZN,3118.06,3134.25,3086.258,3100.5,3602102
2020-11-24,GOOGL,1763.9,1766.475,1720.73,1727.5,1400306
2020-11-24,FB,276.92,277.8199,267.87,268.49,16930424
2020-11-23,AMZN,3098.39,3139.745,3065.46,3116.6986,4708887
2020-11-23,GOOGL,1727.56,1745.99,1710.18,1740.22,1127618
2020-11-23,FB,268.43,270.9471,264.53,270.89,20990786
2020-11-20,AMZN,3099.4,3132.89,3098.0456,3117.02,3380138
2020-11-20,GOOGL,1736.38,1768.3625,1735.0,1762.0,1385322
2020-11-20,FB,269.7,273.0,269.41,272.56,18122412
2020-11-19,AMZN,3117.02,3125.0,3080.92,3105.31,3010270
2020-11-19,GOOGL,1758.57,1763.49,1730.02,1733.23,1005340
2020-11-19,FB,272.94,273.47,269.19,271.025,12963658
2020-11-18,AMZN,3105.46,3140.0,3105.1,3134.0,2916836
2020-11-18,GOOGL,1740.64,1765.0,1738.5658,1756.64,1005377
2020-11-18,FB,271.97,277.3889,271.84,274.52,12152945
2020-11-17,AMZN,3135.66,3189.25,3135.26,3183.5445,3444735
2020-11-17,GOOGL,1761.66,1777.14,1759.49,1767.86,1066034
2020-11-17,FB,275.0,277.68,273.29,277.68,15040297
2020-11-16,AMZN,3131.06,3142.7,3072.685,3093.2,3808676
2020-11-16,GOOGL,1774.03,1794.34,1761.33,1764.14,1273393
2020-11-16,FB,278.96,279.41,274.63,275.05,12970352
2020-11-13,AMZN,3128.81,3141.7227,3085.39,3122.0,3762587
2020-11-13,GOOGL,1772.26,1777.13,1735.98,1748.0,1487877
2020-11-13,FB,276.95,277.76,273.1,277.72,10400101
2020-11-12,AMZN,3110.28,3175.88,3086.05,3159.95,4371208
2020-11-12,GOOGL,1742.82,1764.98,1737.97,1742.0,1324363
2020-11-12,FB,275.08,279.75,274.43,277.18,12914206
2020-11-11,AMZN,3137.39,3139.145,3050.0,3061.78,4366923
2020-11-11,GOOGL,1747.23,1762.9,1743.06,1748.4,1591906
2020-11-11,FB,276.48,278.4,272.48,273.47,14956950
2020-11-10,AMZN,3035.02,3114.0,3019.4828,3095.02,6590956
2020-11-10,GOOGL,1737.72,1759.38,1716.12,1729.77,2151058
2020-11-10,FB,272.43,274.0,264.0,273.1,29067691
2020-11-09,AMZN,3143.74,3289.0,3112.1057,3231.03,7190406
2020-11-09,GOOGL,1761.42,1816.89,1757.545,1795.98,2672024
2020-11-09,FB,278.77,292.58,278.53,289.87,25117650
2020-11-06,AMZN,3311.37,3322.0,3232.0,3304.64,4647330
2020-11-06,GOOGL,1759.73,1768.495,1736.68,1751.34,1431084
2020-11-06,FB,293.41,294.6,288.06,293.95,13890974
2020-11-05,AMZN,3322.0,3366.8,3288.88,3319.97,5789285
2020-11-05,GOOGL,1762.5,1791.818,1741.03,1770.45,1987907
2020-11-05,FB,294.68,297.38,288.95,291.8965,23823633
2020-11-04,AMZN,3241.16,3244.85,3139.73,3159.99,6839041
2020-11-04,GOOGL,1745.85,1770.03,1703.0,1705.5803,3567149
2020-11-04,FB,287.38,288.94,278.62,281.0,35364424
2020-11-03,AMZN,3048.41,3074.9,2980.98,3018.53,4897880
2020-11-03,GOOGL,1645.66,1659.0,1612.108,1630.76,1571641
2020-11-03,FB,265.3,270.05,260.88,263.16,17961859
2020-11-02,AMZN,3004.48,3079.705,2950.12,3061.74,7257350
2020-11-02,GOOGL,1624.32,1658.24,1614.24,1623.54,2211449
2020-11-02,FB,261.36,270.47,257.34,264.6,27165679
2020-10-30,AMZN,3036.15,3167.0040000000004,3019.0,3157.75,8396081
2020-10-30,GOOGL,1616.11,1681.315,1601.57,1667.44,4996197
2020-10-30,FB,263.11,276.7,259.1,274.5,47299002
2020-10-29,AMZN,3211.01,3257.25,3164.0,3201.27,6596529
2020-10-29,GOOGL,1556.88,1588.735,1516.55,1517.02,2770343
2020-10-29,FB,280.83,283.6,273.78,276.55,32368118
2020-10-28,AMZN,3162.78,3264.02,3162.47,3249.3,5588330
2020-10-28,GOOGL,1510.8,1553.81,1508.48,1550.01,2258675
2020-10-28,FB,267.67,278.79,267.26,278.79,23121808
2020-10-27,AMZN,3286.33,3291.66,3211.3,3224.94,4291047
2020-10-27,GOOGL,1598.88,1602.0,1576.99,1588.9319,1295138
2020-10-27,FB,283.29,284.51,276.31,278.76,16287249
2020-10-26,AMZN,3207.04,3282.9799,3153.3,3198.74,5901151
2020-10-26,GOOGL,1584.29,1629.58,1567.78,1615.0,1791317
2020-10-26,FB,277.11,285.23,274.26,283.16,21322925
2020-10-23,AMZN,3204.4,3205.33,3140.0,3191.0,3466687
2020-10-23,GOOGL,1632.98,1634.12,1611.91,1615.05,1527402
2020-10-23,FB,284.79,285.24,276.82,278.8024,17535155
2020-10-22,AMZN,3176.4,3198.75,3121.94,3189.87,4212005
2020-10-22,GOOGL,1606.66,1613.42,1577.48,1585.0,1525773
2020-10-22,FB,278.12,282.45,275.04,279.87,16720026
2020-10-21,AMZN,3184.94,3233.875,3160.0,3212.5,4592736
2020-10-21,GOOGL,1585.99,1615.14,1567.135,1569.85,3016053
2020-10-21,FB,278.73,283.05,276.37,279.56,28998638
2020-10-20,AMZN,3217.01,3266.0,3192.01,3222.28,4509678
2020-10-20,GOOGL,1551.08,1573.84,1520.5,1523.11,2085915
2020-10-20,FB,267.56,269.7,262.88,263.06,18763246
2020-10-19,AMZN,3207.21,3329.0,3192.735,3299.61,5223626
2020-10-19,GOOGL,1529.95,1583.925,1522.92,1575.93,1486652
2020-10-19,FB,261.4,268.55,259.88,265.53,13586955
2020-10-16,AMZN,3272.71,3399.6606,3160.0,3363.23,6474353
2020-10-16,GOOGL,1567.7,1577.71,1557.66,1561.83,1710325
2020-10-16,FB,265.93,271.37,265.3,267.375,16622702
2020-10-15,AMZN,3338.65,3355.88,3280.0,3292.01,5223448
2020-10-15,GOOGL,1555.47,1571.395,1541.1301,1544.5,1561485
2020-10-15,FB,266.72,269.04,263.67,267.6,15416064
2020-10-14,AMZN,3363.71,3464.88,3340.0,3447.0,5828916
2020-10-14,GOOGL,1563.44,1583.85,1545.895,1573.31,1659228
2020-10-14,FB,271.82,278.75,271.5,277.62,15601154
2020-10-13,AMZN,3443.63,3492.38,3424.217,3467.99,5744697
2020-10-13,GOOGL,1567.07,1585.16,1558.63,1577.01,1953609
2020-10-13,FB,276.14,279.1,273.39,277.58,18063343
2020-10-12,AMZN,3442.93,3496.24,3339.55,3349.94,8364198
2020-10-12,GOOGL,1564.59,1588.42,1529.3,1538.0,2767164
2020-10-12,FB,275.75,280.18,267.87,270.2,31019256
2020-10-09,AMZN,3286.65,3288.99,3197.83,3210.0,4907871
2020-10-09,GOOGL,1510.45,1511.85,1487.0,1492.86,1648340
2020-10-09,FB,264.45,264.75,262.17,264.52,14107803
2020-10-08,AMZN,3190.55,3233.2944,3174.99,3224.99,3174114
2020-10-08,GOOGL,1483.43,1488.0275,1465.45,1465.45,1303802
2020-10-08,FB,263.76,264.62,259.1488,259.75,16312762
2020-10-07,AMZN,3195.69,3200.0,3132.385,3135.0,4309439
2020-10-07,GOOGL,1459.14,1468.97,1433.23,1459.31,1805448
2020-10-07,FB,258.12,260.18,254.82,259.21,23133417
2020-10-06,AMZN,3099.96,3182.0,3090.0,3165.0,5086857
2020-10-06,GOOGL,1451.02,1484.52,1445.01,1475.5,1304752
2020-10-06,FB,258.66,265.69,258.24,261.78,18696917
2020-10-05,AMZN,3199.2,3202.53,3140.85,3145.84,3775332
2020-10-05,GOOGL,1482.83,1484.7,1460.09,1462.65,1080058
2020-10-05,FB,264.65,264.865,260.8401,262.2,12822252
2020-10-02,AMZN,3125.0,3195.7965,3123.0,3153.63,5613098
2020-10-02,GOOGL,1455.6,1479.03,1447.35,1459.63,1561132
2020-10-02,FB,259.94,265.15,259.18,261.21,16367597
2020-10-01,AMZN,3221.26,3224.0,3172.0,3208.0,4971922
2020-10-01,GOOGL,1487.9,1495.07,1476.8,1483.6608,1644221
2020-10-01,FB,266.63,268.33,264.8,265.35,20009801
2020-09-30,AMZN,3148.73,3212.88,3133.99,3141.14,4896101
2020-09-30,GOOGL,1465.6,1486.1975,1455.755,1460.935,2046170
2020-09-30,FB,261.9,266.085,260.1,261.98,20142546
2020-09-29,AMZN,3144.88,3188.26,3132.54,3175.39,3503398
2020-09-29,GOOGL,1466.02,1472.0,1454.0,1463.91,1591112
2020-09-29,FB,261.79,263.33,256.9,257.81,20215504
2020-09-28,AMZN,3174.05,3175.04,3117.1684,3148.85,4224165
2020-09-28,GOOGL,1458.66,1472.99,1446.28,1471.99,1539236
2020-09-28,FB,256.82,259.6,254.8208,259.4,18826254
2020-09-25,AMZN,3095.13,3101.54,2999.0,3054.86,4615202
2020-09-25,GOOGL,1439.06,1445.94,1407.68,1425.05,1516677
2020-09-25,FB,254.82,255.75,246.61,249.4,18351311
2020-09-24,AMZN,3019.79,3069.3,2965.0,2977.79,5529392
2020-09-24,GOOGL,1422.86,1437.99,1402.15,1402.68,1727611
2020-09-24,FB,249.53,252.24,245.62,246.5,20006750
2020-09-23,AMZN,2999.86,3126.9990000000003,2992.3759,3120.43,5652665
2020-09-23,GOOGL,1409.39,1453.08,1402.68,1452.09,1886299
2020-09-23,FB,249.02,257.9921,248.15,255.26,19641266
2020-09-22,AMZN,3128.99,3133.99,3000.2,3033.835,6948816
2020-09-22,GOOGL,1459.82,1463.97,1429.495,1450.32,1697542
2020-09-22,FB,254.75,255.32,248.22,253.31,30293103
2020-09-21,AMZN,2960.47,2962.0,2871.0,2906.5,6117925
2020-09-21,GOOGL,1430.14,1440.06,1402.68,1431.62,2845405
2020-09-21,FB,248.15,249.95,244.13,247.54,24709378
2020-09-18,AMZN,2954.91,3037.8,2905.54,3031.74,8892580
2020-09-18,GOOGL,1451.09,1495.2,1431.62,1488.3,3152788
2020-09-18,FB,252.53,259.2,250.05,258.405,28130767
2020-09-17,AMZN,3008.73,3029.4320000000002,2972.55,3009.25,6449050
2020-09-17,GOOGL,1487.04,1498.66,1462.46,1485.81,2000356
2020-09-17,FB,254.82,261.5,250.19,258.28,31281441
2020-09-16,AMZN,3078.1,3187.238,3074.15,3179.99,4531189
2020-09-16,GOOGL,1512.09,1554.37,1511.59,1542.48,1107169
2020-09-16,FB,263.52,272.44,261.79,267.29,29207594
2020-09-15,AMZN,3156.13,3175.02,3108.92,3136.16,4021535
2020-09-15,GOOGL,1535.12,1550.99,1522.1,1527.89,1152055
2020-09-15,FB,272.42,274.52,269.3,270.67,18478530
2020-09-14,AMZN,3102.97,3187.39,3096.0,3172.9372,4529596
2020-09-14,GOOGL,1508.83,1557.0,1505.11,1531.6471,2133007
2020-09-14,FB,266.15,276.64,265.7,270.95,24093830
2020-09-11,AMZN,3116.22,3217.3409,3083.98,3208.69,5093982
2020-09-11,GOOGL,1515.76,1538.695,1493.02,1528.15,1535337
2020-09-11,FB,266.61,271.39,262.64,270.06,18913883
2020-09-10,AMZN,3175.11,3349.89,3170.55,3307.2188,5330741
2020-09-10,GOOGL,1526.05,1573.66,1520.0,1550.18,1651194
2020-09-10,FB,268.09,279.16,267.0319,275.51,24814669
2020-09-09,AMZN,3268.61,3303.175,3185.0,3202.99,5188675
2020-09-09,GOOGL,1547.23,1558.72,1525.17,1548.9,1962078
2020-09-09,FB,273.72,278.48,271.35,275.77,22918769
2020-09-08,AMZN,3149.84,3250.845,3130.0,3144.0,6094205
2020-09-08,GOOGL,1523.6,1555.55,1516.5,1525.0,2701586
2020-09-08,FB,271.16,279.3,269.42,271.28,24863997
2020-09-04,AMZN,3294.62,3381.5,3111.13,3318.0,8781754
2020-09-04,GOOGL,1581.21,1634.99,1537.9701,1609.0,2792533
2020-09-04,FB,282.73,289.0,271.14,287.25,30333671
2020-09-03,AMZN,3368.0,3488.41,3303.0,3485.0,8161113
2020-09-03,GOOGL,1629.51,1700.0,1607.71,1699.52,3186287
2020-09-03,FB,291.12,297.6,283.63,295.99,32294092
2020-09-02,AMZN,3531.45,3552.25,3486.685,3547.0,3931476
2020-09-02,GOOGL,1717.39,1726.1022,1660.19,1668.01,2476072
2020-09-02,FB,302.5,303.6,293.05,298.88,24341369
2020-09-01,AMZN,3499.12,3513.87,3467.0,3489.58,3476407
2020-09-01,GOOGL,1655.08,1659.22,1629.53,1632.16,1133766
2020-09-01,FB,295.44,301.49,292.71,294.71,17320872
2020-08-31,AMZN,3450.96,3495.0,3405.0,3408.99,4185885
2020-08-31,GOOGL,1629.53,1644.5,1625.33,1643.57,1321097
2020-08-31,FB,293.2,296.88,291.55,293.95,17345134
2020-08-28,AMZN,3401.8,3433.3699,3386.5,3423.0,2896978
2020-08-28,GOOGL,1639.43,1641.35,1625.605,1629.47,1121195
2020-08-28,FB,293.66,297.23,290.98,295.0,17172415
2020-08-27,AMZN,3400.0,3453.0,3378.0,3450.05,4264795
2020-08-27,GOOGL,1628.52,1647.99,1618.8137,1646.61,1567503
2020-08-27,FB,293.22,301.23,292.02,300.16,30301309
2020-08-26,AMZN,3441.85,3451.7387,3344.5675,3351.11,6508743
2020-08-26,GOOGL,1644.13,1652.79,1600.9754,1606.3,2609363
2020-08-26,FB,303.91,304.67,284.0,284.0,69015151
2020-08-25,AMZN,3346.49,3357.4,3267.0,3294.99,3992842
2020-08-25,GOOGL,1605.85,1608.88,1577.88,1580.1,1257463
2020-08-25,FB,280.82,283.09,270.2601,272.41,42127240
2020-08-24,AMZN,3307.46,3380.315,3257.5608,3310.15,4666258
2020-08-24,GOOGL,1585.15,1608.78,1575.04,1592.47,1281893
2020-08-24,FB,271.39,277.2478,268.7701,271.07,23685603
2020-08-21,AMZN,3284.72,3314.3962,3275.39,3295.0,3575862
2020-08-21,GOOGL,1575.57,1591.88,1562.31,1571.8,1742275
2020-08-21,FB,267.01,270.49,266.42,268.69,15538615
2020-08-20,AMZN,3297.37,3312.62,3238.0,3252.0,3332478
2020-08-20,GOOGL,1576.25,1580.17,1534.46,1539.97,1319131
2020-08-20,FB,269.01,269.63,261.46,261.5,20299688
2020-08-19,AMZN,3260.48,3315.9,3256.0001,3303.01,4185137
2020-08-19,GOOGL,1544.61,1568.86,1540.0,1552.49,1523592
2020-08-19,FB,262.59,267.908,261.35,261.388,23291463
2020-08-18,AMZN,3312.49,3320.0,3205.8187,3212.0,5345974
2020-08-18,GOOGL,1555.78,1557.37,1521.665,1526.12,1418850
2020-08-18,FB,262.34,265.15,259.26,260.95,18690383
2020-08-17,AMZN,3182.41,3194.97,3154.1775,3173.12,2691237
2020-08-17,GOOGL,1516.24,1523.78,1505.0,1515.97,999934
2020-08-17,FB,261.16,264.0973,259.4,262.5,13351062
2020-08-14,AMZN,3148.02,3178.2357,3120.0,3178.18,2751723
2020-08-14,GOOGL,1504.63,1519.785,1499.0,1513.61,1097059
2020-08-14,FB,261.24,262.65,258.6801,262.305,14792708
2020-08-13,AMZN,3161.02,3217.5211,3155.0,3182.99,3149043
2020-08-13,GOOGL,1516.65,1536.9744,1508.21,1508.21,1119711
2020-08-13,FB,261.3,265.16,259.57,261.55,17373970
2020-08-12,AMZN,3162.24,3174.385,3101.42,3108.0,3527229
2020-08-12,GOOGL,1507.24,1511.67,1485.0,1487.1245,1126560
2020-08-12,FB,259.89,263.8973,258.1125,258.97,21428329
2020-08-11,AMZN,3080.67,3159.22,3073.0,3113.2,3718057
2020-08-11,GOOGL,1480.54,1510.44,1478.19,1494.0,1554853
2020-08-11,FB,256.13,265.915,255.13,260.185,28238283
2020-08-10,AMZN,3148.16,3172.51,3101.52,3170.31,3167274
2020-08-10,GOOGL,1496.82,1507.15,1477.4901,1490.8,1027329
2020-08-10,FB,263.0,273.86,259.69,268.04,30248826
2020-08-07,AMZN,3167.46,3240.81,3140.6726,3224.01,3936127
2020-08-07,GOOGL,1498.37,1520.09,1486.27,1509.04,1386294
2020-08-07,FB,268.44,278.89,263.43,264.08,72766364
2020-08-06,AMZN,3225.0,3247.47,3165.43,3194.36,3940602
2020-08-06,GOOGL,1504.95,1506.27,1471.9,1476.15,1665261
2020-08-06,FB,265.28,266.6,248.665,249.04,45241611
2020-08-05,AMZN,3205.03,3213.5859,3127.3,3143.77,3930025
2020-08-05,GOOGL,1479.09,1490.0,1471.215,1476.82,1457518
2020-08-05,FB,249.12,252.2698,247.77,250.19,13088361
2020-08-04,AMZN,3138.83,3167.24,3101.21,3101.21,4694294
2020-08-04,GOOGL,1473.3,1493.11,1464.03,1486.71,1860609
2020-08-04,FB,249.83,252.8,247.43,251.56,17183533
2020-08-03,AMZN,3111.89,3184.0,3104.0,3180.51,5074663
2020-08-03,GOOGL,1482.76,1497.73,1471.72,1491.0,2276085
2020-08-03,FB,251.96,255.4,250.33,252.65,23134103
2020-07-31,AMZN,3164.68,3246.82,3151.0,3244.0,8083369
2020-07-31,GOOGL,1487.95,1505.02,1454.0,1497.05,4576382
2020-07-31,FB,253.67,255.85,249.0,255.82,53030037
2020-07-30,AMZN,3051.88,3092.0,3005.0,3014.0,6128265
2020-07-30,GOOGL,1538.37,1540.89,1495.17,1497.97,1802121
2020-07-30,FB,234.5,234.893,229.0,230.22,20615306
2020-07-29,AMZN,3033.53,3039.1592,2996.77,3030.99,2974060
2020-07-29,GOOGL,1523.51,1533.33,1503.01,1505.0,1133773
2020-07-29,FB,233.29,233.7,230.31,231.14,13588317
2020-07-28,AMZN,3000.33,3077.0926,2995.76,3054.27,3126651
2020-07-28,GOOGL,1503.65,1526.01,1500.52,1525.0,1545534
2020-07-28,FB,230.12,234.96,229.83,234.63,14170112
2020-07-27,AMZN,3055.21,3098.0,3015.77,3062.0,4170492
2020-07-27,GOOGL,1529.43,1537.56,1512.33,1513.26,1356185
2020-07-27,FB,233.5,234.95,230.83,231.46,13163083
2020-07-24,AMZN,3008.91,3031.58,2888.0,2930.0,5632413
2020-07-24,GOOGL,1508.21,1515.4273,1487.59,1499.19,1495381
2020-07-24,FB,230.71,233.49,226.9,230.19,18325813
2020-07-23,AMZN,2986.55,3098.2713,2970.0,3098.2713,5656906
2020-07-23,GOOGL,1516.75,1570.35,1508.59,1565.93,1695498
2020-07-23,FB,232.6,242.42,231.75,239.63,21771802
2020-07-22,AMZN,3099.91,3149.9999,3065.26,3125.0,4104225
2020-07-22,GOOGL,1564.85,1566.98,1543.23,1555.71,1224100
2020-07-22,FB,239.87,241.9,238.12,240.26,15427885
2020-07-21,AMZN,3138.29,3240.5758,3105.72,3232.49,6134965
2020-07-21,GOOGL,1555.92,1587.05,1552.62,1585.03,1377718
2020-07-21,FB,241.75,246.91,240.08,246.22,19409687
2020-07-20,AMZN,3196.84,3201.3599,2994.0172,3000.2,7598176
2020-07-20,GOOGL,1563.84,1569.01,1502.6961,1515.0,1508277
2020-07-20,FB,245.42,246.05,235.635,240.06,20872223
2020-07-17,AMZN,2961.97,3024.0,2948.45,3009.0,4761319
2020-07-17,GOOGL,1516.85,1523.43,1498.1,1516.91,1713231
2020-07-17,FB,242.03,244.16,237.86,241.0,18152413
2020-07-16,AMZN,2999.9,3032.0,2918.23,2971.06,6394246
2020-07-16,GOOGL,1514.92,1515.91,1488.27,1501.5,1324227
2020-07-16,FB,240.93,241.76,236.3306,238.0,18880705
2020-07-15,AMZN,3008.87,3098.35,2973.1801,3080.23,5788874
2020-07-15,GOOGL,1516.88,1536.33,1497.83,1523.23,1551325
2020-07-15,FB,240.28,244.82,238.05,241.55,19133562
2020-07-14,AMZN,3084.0,3127.38,2950.0,3089.0,7231933
2020-07-14,GOOGL,1520.86,1522.8,1485.925,1492.79,1905400
2020-07-14,FB,239.73,240.33,232.03,236.76,23378056
2020-07-13,AMZN,3104.0,3344.29,3068.3901,3251.06,7720420
2020-07-13,GOOGL,1512.23,1576.36,1506.56,1549.94,2147728
2020-07-13,FB,239.0,250.15,238.42,247.005,24674874
2020-07-10,AMZN,3200.0,3215.0,3135.7,3191.76,5485982
2020-07-10,GOOGL,1539.01,1541.34,1500.72,1513.25,1796063
2020-07-10,FB,245.07,245.49,239.32,243.685,22982716
2020-07-09,AMZN,3182.63,3193.8799,3074.0016,3115.99,6388659
2020-07-09,GOOGL,1518.66,1529.1412,1495.59,1509.93,2091833
2020-07-09,FB,244.5,246.525,239.24,245.0,22174896
2020-07-08,AMZN,3081.11,3083.97,3012.4301,3022.61,5037635
2020-07-08,GOOGL,1503.6,1511.17,1492.3,1500.8,1588292
2020-07-08,FB,243.58,246.99,236.59,238.11,29791339
2020-07-07,AMZN,3000.12,3069.55,2990.0,3058.55,5257514
2020-07-07,GOOGL,1489.92,1521.32,1489.7,1496.13,2118194
2020-07-07,FB,240.86,247.65,238.82,239.41,27887786
2020-07-06,AMZN,3057.04,3059.88,2930.0,2934.97,6880642
2020-07-06,GOOGL,1499.65,1510.0,1476.976,1488.15,2235630
2020-07-06,FB,240.28,240.4,232.27,233.76,26206158
2020-07-02,AMZN,2890.3,2955.56,2871.1021,2912.01,6593387
2020-07-02,GOOGL,1469.93,1488.52,1451.065,1451.84,2860915
2020-07-02,FB,233.42,240.0,232.61,239.0,30633620
2020-07-01,AMZN,2878.7,2895.0,2754.0,2757.99,6363439
2020-07-01,GOOGL,1442.0,1448.48,1414.18,1419.17,2109124
2020-07-01,FB,237.55,239.0,227.56,228.5,43399739
2020-06-30,AMZN,2758.82,2769.63,2675.03,2685.065,3769686
2020-06-30,GOOGL,1418.05,1424.0,1386.9301,1396.88,2014320
2020-06-30,FB,227.07,227.5,218.47,220.59,33927068
2020-06-29,AMZN,2680.38,2696.8,2630.08,2690.01,4223422
2020-06-29,GOOGL,1397.17,1398.0,1351.65,1360.34,2253678
2020-06-29,FB,220.64,220.75,207.11,209.75,58514281
2020-06-26,AMZN,2692.87,2782.5688,2688.0,2775.0559999999996,6500784
2020-06-26,GOOGL,1362.54,1437.02,1355.0,1432.63,4882014
2020-06-26,FB,216.08,233.09,215.4,232.64,76343939
2020-06-25,AMZN,2754.58,2756.23,2712.14,2739.55,2968657
2020-06-25,GOOGL,1441.1,1442.32,1419.5401,1431.22,1197907
2020-06-25,FB,235.68,237.3,232.74,234.62,18704339
2020-06-24,AMZN,2734.4,2796.0,2721.0,2780.0,4526605
2020-06-24,GOOGL,1432.7,1475.79,1430.0,1463.28,1579579
2020-06-24,FB,234.02,243.22,232.68,241.2,20834904
2020-06-23,AMZN,2764.41,2783.11,2718.04,2726.02,4231707
2020-06-23,GOOGL,1463.98,1475.2,1445.0,1452.0,1887583
2020-06-23,FB,242.24,245.1853,239.86,241.28,24017915
2020-06-22,AMZN,2713.82,2715.0,2669.0,2684.5,3208780
2020-06-22,GOOGL,1450.66,1450.95,1419.19,1425.01,1472072
2020-06-22,FB,239.22,240.7,236.91,238.56,18917782
2020-06-19,AMZN,2675.01,2697.43,2659.0,2678.08,5776963
2020-06-19,GOOGL,1424.64,1444.5,1419.0,1440.0,2639167
2020-06-19,FB,238.79,240.83,235.55,237.79,30081291
2020-06-18,AMZN,2653.98,2659.64,2636.11,2647.01,2487774
2020-06-18,GOOGL,1434.12,1452.9699,1426.235,1449.85,1743071
2020-06-18,FB,235.94,236.14,232.15,234.99,15782452
2020-06-17,AMZN,2640.98,2655.0,2631.82,2647.5,2959316
2020-06-17,GOOGL,1452.54,1462.2,1435.125,1452.94,1530500
2020-06-17,FB,235.53,237.59,231.7268,235.0,19578125
2020-06-16,AMZN,2615.27,2620.0,2576.0,2620.0,3595649
2020-06-16,GOOGL,1446.47,1457.17,1428.99,1449.0,1534826
2020-06-16,FB,235.65,238.46,233.0,237.14,15236691
2020-06-15,AMZN,2572.68,2584.0,2508.0001,2526.6,3873335
2020-06-15,GOOGL,1420.74,1425.0,1387.1952,1389.49,1527652
2020-06-15,FB,232.5,233.77,224.8,225.09,15340264
2020-06-12,AMZN,2545.02,2621.4766,2503.35,2601.21,5436127
2020-06-12,GOOGL,1412.92,1434.505,1385.8,1425.86,1833756
2020-06-12,FB,228.58,231.66,224.5,229.9,22091387
2020-06-11,AMZN,2557.96,2671.38,2536.23,2603.5,5800107
2020-06-11,GOOGL,1401.9,1451.6033,1398.41,1441.03,2357243
2020-06-11,FB,224.43,232.89,223.55,229.94,26708163
2020-06-10,AMZN,2647.45,2722.35,2626.26,2645.0,4946031
2020-06-10,GOOGL,1464.7,1472.77,1454.355,1461.51,1588116
2020-06-10,FB,236.73,241.21,235.28,240.96,20720709
2020-06-09,AMZN,2600.86,2626.43,2525.0,2529.44,5175950
2020-06-09,GOOGL,1452.08,1467.8,1442.36,1445.24,1681155
2020-06-09,FB,238.67,239.77,230.41,231.52,27462872
2020-06-08,AMZN,2524.06,2530.0,2487.335,2500.2,3970654
2020-06-08,GOOGL,1448.04,1449.0,1424.48,1426.28,1693881
2020-06-08,FB,231.4,231.55,227.41,229.03,15466499
2020-06-05,AMZN,2483.0,2488.645,2437.13,2444.51,3306445
2020-06-05,GOOGL,1440.02,1446.3,1407.6213,1415.64,2132350
2020-06-05,FB,230.77,231.35,225.3105,226.71,16750438
2020-06-04,AMZN,2460.6,2507.54,2450.01,2477.43,2948710
2020-06-04,GOOGL,1414.3,1441.32,1406.01,1436.78,1349105
2020-06-04,FB,226.29,231.63,224.61,229.56,17041481
2020-06-03,AMZN,2478.4,2488.0,2461.17,2468.01,2671024
2020-06-03,GOOGL,1439.25,1449.01,1431.62,1442.7,1386640
2020-06-03,FB,230.16,232.65,228.53,232.11,15380282
2020-06-02,AMZN,2472.41,2473.53,2445.31,2467.0,2529903
2020-06-02,GOOGL,1442.31,1443.0,1421.61,1435.0,1172069
2020-06-02,FB,232.72,233.0,226.56,230.94,20919018
2020-06-01,AMZN,2471.04,2476.93,2444.17,2448.0,2938032
2020-06-01,GOOGL,1434.87,1441.58,1422.28,1425.7,1259254
2020-06-01,FB,231.91,232.44,223.5,224.59,18223839
2020-05-29,AMZN,2442.37,2442.37,2398.1973,2415.94,3529329
2020-05-29,GOOGL,1433.52,1436.73,1415.98,1420.43,1852522
2020-05-29,FB,225.09,227.49,222.88,225.2,23322476
2020-05-28,AMZN,2401.1,2436.9699,2378.23,2384.33,3193136
2020-05-28,GOOGL,1418.24,1444.46,1399.076,1400.0,1759787
2020-05-28,FB,225.46,231.6332,224.0,224.3,29423013
2020-05-27,AMZN,2410.39,2413.58,2330.0,2404.99,5056945
2020-05-27,GOOGL,1420.28,1425.345,1394.6,1420.0,1584185
2020-05-27,FB,229.14,230.56,221.1347,229.07,34697553
2020-05-26,AMZN,2421.86,2462.0,2414.06,2458.0,3568153
2020-05-26,GOOGL,1421.37,1445.11,1419.395,1441.96,2229488
2020-05-26,FB,232.2,240.9,231.67,239.77,33178318
2020-05-22,AMZN,2436.88,2469.85,2430.13,2455.01,2867079
2020-05-22,GOOGL,1413.24,1417.0,1395.95,1403.9,1427206
2020-05-22,FB,234.91,235.99,228.74,231.51,33925564
2020-05-21,AMZN,2446.74,2525.45,2442.54,2500.0,5114403
2020-05-21,GOOGL,1406.75,1416.46,1394.39,1410.99,1544976
2020-05-21,FB,231.39,237.2,231.2,234.72,47782636
2020-05-20,AMZN,2497.94,2500.01,2467.27,2477.87,3998143
2020-05-20,GOOGL,1409.16,1412.026,1387.4193,1389.16,1913133
2020-05-20,FB,229.97,231.34,223.19,223.5,50162875
2020-05-19,AMZN,2449.33,2484.995,2428.97,2429.83,4320498
2020-05-19,GOOGL,1374.4,1392.49,1373.76,1385.48,1579250
2020-05-19,FB,216.88,220.49,212.83,213.27,31843152
2020-05-18,AMZN,2426.26,2433.0,2384.01,2404.3456,4366572
2020-05-18,GOOGL,1385.18,1392.76,1354.2,1361.58,2356449
2020-05-18,FB,213.19,214.6445,210.94,212.15,20167443
2020-05-15,AMZN,2409.78,2411.0,2356.37,2368.52,4234951
2020-05-15,GOOGL,1373.06,1374.58,1339.0,1348.26,2077199
2020-05-15,FB,210.88,211.34,204.12,205.27,19383154
2020-05-14,AMZN,2388.85,2391.37,2353.21,2361.01,3648128
2020-05-14,GOOGL,1356.86,1357.37,1323.3,1333.52,1833017
2020-05-14,FB,206.81,206.93,200.69,202.56,17178947
2020-05-13,AMZN,2367.92,2407.7,2337.805,2366.8,4782919
2020-05-13,GOOGL,1348.33,1385.33,1328.01,1376.16,2018404
2020-05-13,FB,205.1,210.78,202.11,209.43,20684559
2020-05-12,AMZN,2356.95,2418.9999,2355.0,2411.85,3074916
2020-05-12,GOOGL,1375.18,1414.33,1374.51,1408.22,1695874
2020-05-12,FB,210.1,215.275,210.0,213.29,14704647
2020-05-11,AMZN,2409.0,2419.665,2372.11,2374.7,3259231
2020-05-11,GOOGL,1403.59,1415.53,1375.5,1376.79,1635856
2020-05-11,FB,213.18,215.0,210.37,210.8865,12911948
2020-05-08,AMZN,2379.61,2387.2449,2357.0,2372.14,3211228
2020-05-08,GOOGL,1384.34,1396.64,1372.01,1381.82,1666487
2020-05-08,FB,212.35,213.21,210.85,212.24,12524048
2020-05-07,AMZN,2367.61,2376.0,2343.11,2374.78,3396411
2020-05-07,GOOGL,1369.28,1375.9999,1352.5406,1361.31,1535819
2020-05-07,FB,211.26,211.6,209.04,211.16,15151976
2020-05-06,AMZN,2351.26,2357.45,2320.0,2329.44,3117814
2020-05-06,GOOGL,1345.43,1368.69,1345.13,1358.0,1586629
2020-05-06,FB,208.47,211.6,206.66,208.12,21856963
2020-05-05,AMZN,2317.8,2351.0,2307.1251,2340.0,3242496
2020-05-05,GOOGL,1349.02,1371.01,1335.03,1337.5,1983318
2020-05-05,FB,207.07,210.38,206.5,207.02,21071223
2020-05-04,AMZN,2315.99,2326.98,2256.38,2256.38,4865926
2020-05-04,GOOGL,1322.9,1324.47,1296.01,1308.13,1540347
2020-05-04,FB,205.26,205.91,198.7562,200.2,19250673
2020-05-01,AMZN,2286.04,2362.44,2258.1901,2336.8,9772605
2020-05-01,GOOGL,1317.32,1351.43,1309.66,1324.09,2443554
2020-05-01,FB,202.27,207.28,199.0501,201.6,30415581
2020-04-30,AMZN,2474.0,2475.0,2396.01,2419.84,9534611
2020-04-30,GOOGL,1346.7,1350.0,1321.5,1331.36,2792124
2020-04-30,FB,204.71,209.69,201.5701,206.92,46230116
2020-04-29,AMZN,2372.71,2391.89,2310.0,2330.01,4591593
2020-04-29,GOOGL,1342.18,1360.15,1326.73,1345.0,5417888
2020-04-29,FB,194.19,196.91,190.0,190.93,45954521
2020-04-28,AMZN,2314.08,2373.5,2306.0,2372.1,5269446
2020-04-28,GOOGL,1232.59,1284.76,1230.38,1283.2,4035007
2020-04-28,FB,182.91,189.2,182.56,188.66,21730986
2020-04-27,AMZN,2376.0,2444.88,2363.0,2443.2,5645645
2020-04-27,GOOGL,1270.86,1294.1,1265.06,1292.0,2209333
2020-04-27,FB,187.5,193.75,187.41,192.657,29197750
2020-04-24,AMZN,2410.22,2420.4332,2382.0,2417.0,3831797
2020-04-24,GOOGL,1276.6,1277.71,1244.0,1255.0,1872004
2020-04-24,FB,190.07,190.41,180.825,183.23,28868528
2020-04-23,AMZN,2399.45,2424.22,2382.08,2399.98,5066552
2020-04-23,GOOGL,1271.17,1288.15,1260.5301,1265.74,1710122
2020-04-23,FB,185.13,187.05,183.15,184.08,21426604
2020-04-22,AMZN,2363.49,2394.0,2351.0,2369.0,4218295
2020-04-22,GOOGL,1258.41,1279.88,1237.2,1241.11,2315792
2020-04-22,FB,182.28,184.78,178.14,178.45,33369931
2020-04-21,AMZN,2328.12,2428.3099,2279.66,2416.61,7476679
2020-04-21,GOOGL,1212.16,1250.0,1205.0,1242.71,2482404
2020-04-21,FB,170.8,175.38,168.3408,175.25,24850528
2020-04-20,AMZN,2393.61,2444.98,2386.05,2389.95,5770694
2020-04-20,GOOGL,1261.15,1276.82,1256.44,1269.89,1764608
2020-04-20,FB,178.24,180.5,176.77,177.41,16110664
2020-04-17,AMZN,2375.0,2400.0,2316.02,2372.33,7930010
2020-04-17,GOOGL,1279.0,1290.0,1266.0,1281.7,2552824
2020-04-17,FB,179.24,180.28,176.66,179.2,20974750
2020-04-16,AMZN,2408.19,2460.9981,2335.0,2346.0,12038201
2020-04-16,GOOGL,1257.43,1273.3586,1238.2,1267.14,2894757
2020-04-16,FB,176.25,178.05,172.51,177.95,23593229
2020-04-15,AMZN,2307.68,2333.369,2245.0,2257.68,6866567
2020-04-15,GOOGL,1257.3,1275.1099,1234.0,1246.51,2111842
2020-04-15,FB,176.97,178.19,172.82,175.1865,17423003
2020-04-14,AMZN,2283.32,2292.0,2186.21,2200.47,8087193
2020-04-14,GOOGL,1265.23,1275.7499,1228.5413,1239.9735,3167862
2020-04-14,FB,178.17,181.225,176.62,178.9765,21011815
2020-04-13,AMZN,2168.87,2180.0,2038.0,2040.0,6716709
2020-04-13,GOOGL,1210.41,1214.5199,1182.3318,1201.5,1935128
2020-04-13,FB,174.79,175.0,169.45,173.67,19355355
2020-04-09,AMZN,2042.76,2053.0,2017.66,2044.3,4655617
2020-04-09,GOOGL,1206.57,1221.99,1192.4166,1218.18,2701423
2020-04-09,FB,175.19,177.08,171.57,175.9,23534287
2020-04-08,AMZN,2043.0,2044.0,2011.15,2021.0,3977313
2020-04-08,GOOGL,1207.0,1214.9,1183.954,1203.1,2016713
2020-04-08,FB,174.28,175.0,167.74,171.25,21664198
2020-04-07,AMZN,2011.6,2035.72,1997.62,2017.11,5113983
2020-04-07,GOOGL,1182.56,1220.775,1177.25,1217.01,3080955
2020-04-07,FB,168.83,173.39,166.01,171.79,31411919
2020-04-06,AMZN,1997.59,1998.52,1930.02,1936.0,5773181
2020-04-06,GOOGL,1183.19,1190.7547,1125.0,1133.0,3165991
2020-04-06,FB,165.55,166.2,158.51,160.15,28453581
2020-04-03,AMZN,1906.59,1926.33,1889.15,1911.15,3609870
2020-04-03,GOOGL,1092.7,1118.79,1075.08,1114.71,2568694
2020-04-03,FB,154.18,157.91,150.83,157.15,25983317
2020-04-02,AMZN,1918.83,1927.5258,1890.0,1901.64,4335985
2020-04-02,GOOGL,1117.03,1122.77,1093.13,1100.0,2820534
2020-04-02,FB,158.19,161.3509,155.92,159.1,20886309
2020-04-01,AMZN,1907.7,1944.96,1893.0,1932.97,4121875
2020-04-01,GOOGL,1102.1,1129.42,1093.49,1124.0,2598519
2020-04-01,FB,159.6,164.15,158.035,161.615,19507559
2020-03-31,AMZN,1949.72,1993.02,1944.01,1964.35,5123626
2020-03-31,GOOGL,1161.95,1173.4,1136.72,1148.73,3263971
2020-03-31,FB,166.8,170.93,164.2,165.48,23676283
2020-03-30,AMZN,1963.95,1973.63,1912.34,1922.83,6126087
2020-03-30,GOOGL,1146.31,1151.0,1098.4901,1132.64,2936827
2020-03-30,FB,165.95,166.75,158.06,159.18,22515225
2020-03-27,AMZN,1900.1,1939.79,1899.92,1930.86,5387897
2020-03-27,GOOGL,1110.26,1151.05,1104.0027,1127.47,3139661
2020-03-27,FB,156.79,160.09,154.75,158.2,24879869
2020-03-26,AMZN,1955.49,1956.49,1889.29,1902.0,6235118
2020-03-26,GOOGL,1162.92,1171.48,1092.03,1114.72,3834422
2020-03-26,FB,163.34,164.0,157.0201,158.25,26579021
2020-03-25,AMZN,1885.84,1950.26,1885.78,1920.69,6479073
2020-03-25,GOOGL,1101.62,1146.17,1083.01,1124.58,4516162
2020-03-25,FB,156.21,162.99,153.06,158.92,35184271
2020-03-24,AMZN,1940.1,1955.0,1900.3403,1951.495,7147080
2020-03-24,GOOGL,1130.01,1133.33,1086.43,1103.98,3623435
2020-03-24,FB,160.98,161.31,152.57,155.205,30440369
2020-03-23,AMZN,1902.83,1919.4,1812.0,1827.75,7808489
2020-03-23,GOOGL,1054.13,1066.91,1008.87,1056.37,4183629
2020-03-23,FB,148.1,152.31,142.25,149.66,29830765
2020-03-20,AMZN,1846.09,1957.0,1820.73,1926.31,9817850
2020-03-20,GOOGL,1068.21,1138.4783,1062.1,1130.9,4143897
2020-03-20,FB,149.73,159.27,148.0,156.02,32568398
2020-03-19,AMZN,1880.93,1945.0,1832.65,1860.0,10399943
2020-03-19,GOOGL,1111.67,1152.61,1055.55,1088.22,3703248
2020-03-19,FB,153.13,159.9294,144.8,146.62,39862312
2020-03-18,AMZN,1830.0,1841.66,1745.0,1750.0,9645218
2020-03-18,GOOGL,1091.19,1104.99,1037.0,1059.94,4652238
2020-03-18,FB,146.96,148.18,137.1006,139.75,37553136
2020-03-17,AMZN,1807.84,1857.775,1689.2402,1775.47,10917129
2020-03-17,GOOGL,1118.06,1126.0,1049.1,1090.64,4159686
2020-03-17,FB,149.42,153.94,140.0,150.74,34255596
2020-03-16,AMZN,1689.15,1759.4519,1626.0318,1641.51,8917265
2020-03-16,GOOGL,1073.0,1145.47,1067.0801,1089.61,4825981
2020-03-16,FB,146.01,159.13,143.1,152.32,39120419
2020-03-13,AMZN,1785.0,1786.31,1680.62,1755.0,8809725
2020-03-13,GOOGL,1214.27,1214.4,1112.29,1174.99,3969973
2020-03-13,FB,170.28,170.79,157.6,163.53,35028627
2020-03-12,AMZN,1676.61,1765.0,1675.0,1721.98,11346214
2020-03-12,GOOGL,1111.55,1188.75,1108.47,1122.62,4716293
2020-03-12,FB,154.47,166.6,154.34,159.54,43266335
2020-03-11,AMZN,1820.86,1871.3194,1801.5,1857.85,5646831
2020-03-11,GOOGL,1210.9,1256.93,1191.14,1248.27,2741694
2020-03-11,FB,170.24,175.88,167.66,174.01,20397204
2020-03-10,AMZN,1891.82,1894.27,1818.17,1870.88,7133310
2020-03-10,GOOGL,1275.17,1275.85,1214.51,1254.39,2743566
2020-03-10,FB,178.19,178.29,169.5,174.67,24517791
2020-03-09,AMZN,1800.61,1862.77,1761.2901,1773.86,7813232
2020-03-09,GOOGL,1215.79,1252.73,1198.04,1204.96,3462578
2020-03-09,FB,169.5,175.0,165.19,169.6,29949041
2020-03-06,AMZN,1901.09,1910.87,1869.5,1875.0,5273580
2020-03-06,GOOGL,1295.74,1302.75,1257.21,1271.5,3232315
2020-03-06,FB,181.09,183.78,176.26,178.33,24559550
2020-03-05,AMZN,1924.03,1960.72,1910.0,1933.0,4748210
2020-03-05,GOOGL,1314.76,1353.63,1301.64,1345.55,2718982
2020-03-05,FB,185.17,188.99,183.8901,186.78,19333425
2020-03-04,AMZN,1975.83,1978.0,1922.0,1946.57,4772919
2020-03-04,GOOGL,1381.6,1382.78,1337.0,1358.96,2379856
2020-03-04,FB,191.76,191.83,186.39,189.17,23062473
2020-03-03,AMZN,1908.99,1996.33,1888.09,1975.37,7534491
2020-03-03,GOOGL,1337.72,1408.19,1329.24,1397.68,2830112
2020-03-03,FB,185.89,197.24,183.97,196.22,27984104
2020-03-02,AMZN,1953.95,1954.51,1870.0,1909.52,6761651
2020-03-02,GOOGL,1386.32,1387.47,1325.2,1351.39,2771463
2020-03-02,FB,196.44,196.57,188.85,194.03,24948955
2020-02-28,AMZN,1883.75,1889.76,1811.13,1814.59,9493797
2020-02-28,GOOGL,1339.25,1342.45,1268.21,1271.91,4010900
2020-02-28,FB,192.47,192.74,181.82,182.695,32583494
2020-02-27,AMZN,1884.3,1975.0,1882.76,1934.38,8143993
2020-02-27,GOOGL,1314.95,1369.4,1314.24,1359.14,3114476
2020-02-27,FB,189.75,195.88,189.5,191.82,21682626
2020-02-26,AMZN,1979.59,2014.67,1960.45,1970.28,5240402
2020-02-26,GOOGL,1390.47,1413.67,1376.55,1393.36,2490178
2020-02-26,FB,197.2,201.21,195.49,197.19,16555210
2020-02-25,AMZN,1972.74,2034.6,1958.42,2026.42,6219094
2020-02-25,GOOGL,1386.32,1436.85,1380.42,1431.0,2578966
2020-02-25,FB,196.77,203.5,195.954,202.25,21433487
2020-02-24,AMZN,2009.29,2039.3,1987.97,2003.18,6546997
2020-02-24,GOOGL,1419.86,1436.38,1406.79,1423.05,2478039
2020-02-24,FB,200.72,203.65,198.17,201.8,23080057
2020-02-21,AMZN,2095.97,2144.55,2088.0,2142.15,4650740
2020-02-21,GOOGL,1483.46,1510.95,1478.49,1504.58,2126843
2020-02-21,FB,210.18,214.237,208.831,213.48,14098432
2020-02-20,AMZN,2153.1,2176.79,2127.45,2173.07,3131342
2020-02-20,GOOGL,1516.99,1527.07,1504.26,1519.01,1298386
2020-02-20,FB,214.58,218.765,212.945,216.52,13109213
2020-02-19,AMZN,2170.22,2185.1,2161.12,2167.8,2561165
2020-02-19,GOOGL,1524.87,1530.74,1520.98,1527.2,1137338
2020-02-19,FB,217.49,218.32,216.11,217.99,12135114
2020-02-18,AMZN,2155.67,2166.07,2124.11,2125.02,2951070
2020-02-18,GOOGL,1519.44,1530.56,1511.01,1514.34,1284011
2020-02-18,FB,217.8,217.975,213.4,213.55,15630026
2020-02-14,AMZN,2134.87,2159.04,2125.89,2155.68,2606169
2020-02-14,GOOGL,1518.73,1520.05,1505.55,1514.53,1159857
2020-02-14,FB,214.18,214.93,212.65,214.0,10741747
2020-02-13,AMZN,2149.87,2170.28,2142.0,2144.99,3031791
2020-02-13,GOOGL,1513.39,1525.95,1504.0,1510.0,1145658
2020-02-13,FB,213.14,214.326,209.18,209.524,15396625
2020-02-12,AMZN,2160.0,2180.25,2155.29,2163.2,3334264
2020-02-12,GOOGL,1518.63,1520.3,1508.67,1515.86,1552136
2020-02-12,FB,210.76,211.22,207.4,207.85,13813704
2020-02-11,AMZN,2150.8,2185.95,2136.0,2150.9,5746011
2020-02-11,GOOGL,1510.06,1529.88,1505.45,1513.27,1742647
2020-02-11,FB,207.19,210.86,206.51,210.19,25030810
2020-02-10,AMZN,2133.91,2135.6,2084.96,2085.01,5056235
2020-02-10,GOOGL,1508.66,1508.88,1475.2,1477.23,1915072
2020-02-10,FB,213.06,213.8,210.66,211.52,11856350
2020-02-07,AMZN,2079.28,2098.53,2038.1,2041.99,5095347
2020-02-07,GOOGL,1479.11,1485.25,1465.41,1467.39,1418049
2020-02-07,FB,212.33,212.82,209.93,210.3,12242530
2020-02-06,AMZN,2050.23,2056.3,2024.8,2041.02,3182954
2020-02-06,GOOGL,1475.97,1481.56,1450.48,1451.98,1891079
2020-02-06,FB,210.85,211.19,209.338,210.47,10567533
2020-02-05,AMZN,2039.87,2071.02,2032.0,2071.02,4376174
2020-02-05,GOOGL,1446.05,1464.58,1429.68,1463.61,1818793
2020-02-05,FB,210.11,212.73,208.71,212.51,12538154
2020-02-04,AMZN,2049.67,2059.8,2015.37,2029.88,5289338
2020-02-04,GOOGL,1445.41,1467.34,1422.03,1454.49,4793967
2020-02-04,FB,209.83,210.6,205.203,206.61700000000002,19628890
2020-02-03,AMZN,2004.2,2048.5,2000.25,2010.6,5899094
2020-02-03,GOOGL,1482.6,1486.3,1456.61,1461.65,3608760
2020-02-03,FB,204.19,205.14,202.5,203.44,15510509
2020-01-31,AMZN,2008.72,2055.72,2002.27,2051.47,15567283
2020-01-31,GOOGL,1432.78,1469.67,1427.06,1467.86,2191075
2020-01-31,FB,201.91,208.69,201.06,208.43,31359917
2020-01-30,AMZN,1870.68,1872.87,1850.61,1858.0,6327438
2020-01-30,GOOGL,1454.25,1455.25,1435.0,1438.1,1355472
2020-01-30,FB,209.53,211.43,204.75,206.53,48775500
2020-01-29,AMZN,1858.0,1874.75,1855.02,1864.0,2101390
2020-01-29,GOOGL,1456.7,1464.14,1445.39,1458.46,1081964
2020-01-29,FB,223.23,224.2,218.45,221.44,33610005
2020-01-28,AMZN,1853.25,1858.11,1830.02,1840.5,2808040
2020-01-28,GOOGL,1450.5,1454.8,1430.36,1441.74,1486586
2020-01-28,FB,217.79,218.74,213.52,216.14,13413835
2020-01-27,AMZN,1828.34,1841.0,1815.34,1820.0,3528509
2020-01-27,GOOGL,1431.73,1436.58,1419.5,1431.54,1706566
2020-01-27,FB,214.87,216.06,212.5,213.1,13810655
2020-01-24,AMZN,1861.64,1894.99,1847.44,1891.37,3766181
2020-01-24,GOOGL,1466.17,1494.2,1463.18,1492.82,1489280
2020-01-24,FB,217.94,221.78,216.11,220.8,11905824
2020-01-23,AMZN,1884.58,1889.98,1872.76,1885.11,2484613
2020-01-23,GOOGL,1484.69,1493.5,1480.32,1487.55,1332562
2020-01-23,FB,219.76,221.485,219.27,220.75,11195000
2020-01-22,AMZN,1887.46,1902.5,1883.34,1896.09,3216257
2020-01-22,GOOGL,1484.17,1500.58,1482.66,1489.73,1422946
2020-01-22,FB,221.32,222.75,221.28,222.31,12212814
2020-01-21,AMZN,1892.0,1894.27,1860.0,1865.0,3707785
2020-01-21,GOOGL,1482.25,1489.88,1470.21,1479.0,2446601
2020-01-21,FB,221.44,222.37,219.12,222.155,14275784
2020-01-17,AMZN,1864.72,1886.64,1857.25,1885.89,3997340
2020-01-17,GOOGL,1479.52,1480.55,1456.55,1462.54,2621175
2020-01-17,FB,222.14,222.29,220.53,222.03,15905944
2020-01-16,AMZN,1877.94,1885.59,1866.02,1882.99,2659493
2020-01-16,GOOGL,1450.16,1450.7,1440.0,1445.45,1304040
2020-01-16,FB,221.77,222.63,220.39,222.57,10015288
2020-01-15,AMZN,1862.02,1878.86,1855.09,1872.25,2896592
2020-01-15,GOOGL,1439.2,1440.78,1431.66,1433.02,1077519
2020-01-15,FB,221.15,221.68,220.14,220.61,10036475
2020-01-14,AMZN,1869.44,1887.11,1858.55,1885.88,3446381
2020-01-14,GOOGL,1430.59,1442.63,1427.77,1440.0,1305636
2020-01-14,FB,219.06,222.38,218.63,221.61,13315361
2020-01-13,AMZN,1891.3,1898.0,1880.8,1891.31,2785844
2020-01-13,GOOGL,1440.03,1441.48,1425.37,1435.25,1537317
2020-01-13,FB,221.91,221.97,219.21,219.597,14494517
2020-01-10,AMZN,1883.16,1906.94,1880.0,1905.37,2856959
2020-01-10,GOOGL,1428.96,1434.94,1419.6,1429.47,1313178
2020-01-10,FB,218.06,219.88,217.42,219.2,12127432
2020-01-09,AMZN,1901.05,1917.82,1895.8,1909.89,3174962
2020-01-09,GOOGL,1419.79,1428.68,1410.21,1421.93,1661438
2020-01-09,FB,218.3,218.38,216.278,217.54,12679579
2020-01-08,AMZN,1891.97,1911.0,1886.44,1898.04,3511966
2020-01-08,GOOGL,1405.04,1411.85,1392.63,1394.82,1766274
2020-01-08,FB,215.22,216.24,212.612,213.0,13492703
2020-01-07,AMZN,1906.86,1913.89,1892.04,1904.5,4134010
2020-01-07,GOOGL,1395.11,1403.5,1391.56,1400.46,1726456
2020-01-07,FB,213.06,214.58,211.75,212.82,15111857
2020-01-06,AMZN,1902.88,1903.69,1860.0,1860.0,4065698
2020-01-06,GOOGL,1397.81,1398.32,1351.0,1351.63,2339343
2020-01-06,FB,212.6,212.78,206.52,206.7,17073861
2020-01-03,AMZN,1874.97,1886.2,1864.5,1864.5,3766604
2020-01-03,GOOGL,1361.52,1373.75,1347.32,1348.0,1170629
2020-01-03,FB,208.67,210.4,206.95,207.21400000000003,11197416
2020-01-02,AMZN,1898.01,1898.01,1864.15,1875.0,4035910
2020-01-02,GOOGL,1368.68,1368.68,1346.49,1348.41,1364265
2020-01-02,FB,209.78,209.79,206.27,206.75,12090707
